<keymap version="1" name="macOS copy" parent="Mac OS X 10.5+">
  <action id="AddToHarpoon">
    <keyboard-shortcut first-keystroke="ctrl alt a" />
  </action>
  <action id="GotoHarpoon1">
    <keyboard-shortcut first-keystroke="alt 1" />
  </action>
  <action id="GotoHarpoon2">
    <keyboard-shortcut first-keystroke="alt 2" />
  </action>
  <action id="GotoHarpoon3">
    <keyboard-shortcut first-keystroke="alt 3" />
  </action>
  <action id="GotoHarpoon4">
    <keyboard-shortcut first-keystroke="alt 4" />
  </action>
  <action id="GotoHarpoon5">
    <keyboard-shortcut first-keystroke="alt 5" />
  </action>
  <action id="SetHarpoon1">
    <keyboard-shortcut first-keystroke="ctrl alt 1" />
  </action>
  <action id="SetHarpoon2">
    <keyboard-shortcut first-keystroke="ctrl alt 2" />
  </action>
  <action id="SetHarpoon3">
    <keyboard-shortcut first-keystroke="ctrl alt 3" />
  </action>
  <action id="SetHarpoon4">
    <keyboard-shortcut first-keystroke="ctrl alt 4" />
  </action>
  <action id="SetHarpoon5">
    <keyboard-shortcut first-keystroke="ctrl alt 5" />
  </action>
  <action id="ShowHarpoon">
    <keyboard-shortcut first-keystroke="shift space" />
  </action>
  <action id="android.deploy.ApplyChanges">
    <keyboard-shortcut first-keystroke="ctrl meta e" />
  </action>
  <action id="android.deploy.CodeSwap">
    <keyboard-shortcut first-keystroke="shift ctrl meta e" />
  </action>
</keymap>