<application>
  <component name="GeneralSettings">
    <option name="showTipsOnStartup" value="true" />
    <option name="confirmExit" value="false" />
    <option name="confirmOpenNewProject2" value="-1" />
    <option name="processCloseConfirmation" value="TERMINATE" />
  </component>
  <component name="Registry">
    <entry key="ide.images.show.chessboard" value="true" />
    <entry key="ide.experimental.ui" value="true" />
    <entry key="moved.to.new.ui" value="true" />
    <entry key="i18n.locale" value="" />
    <entry key="ide.instant.shutdown" value="false" />
  </component>
  <component name="StatusBar">
    <option name="widgets">
      <map>
        <entry key="ClangTidyStatusBarWidget" value="false" />
        <entry key="ClangdIndexer" value="false" />
        <entry key="CodeStyleStatusBarWidget" value="false" />
        <entry key="LineSeparator" value="false" />
        <entry key="SendFeedbackPanel" value="false" />
        <entry key="VfsRefresh" value="true" />
        <entry key="kotlin.k2.mode" value="false" />
        <entry key="ocResolveContextPanel" value="false" />
      </map>
    </option>
  </component>
</application>