<application>
  <component name="Trusted.Paths">
    <option name="TRUSTED_PROJECT_PATHS">
      <map>
        <entry key="$USER_HOME$/AndroidStudioProjects/Flutter_Shopping_App_Example" value="true" />
        <entry key="$USER_HOME$/AndroidStudioProjects/MyApplication" value="true" />
        <entry key="$USER_HOME$/AndroidStudioProjects/mealplanner" value="true" />
        <entry key="$USER_HOME$/Dev/blockshake/idm_flutter_app" value="true" />
        <entry key="$USER_HOME$/Dev/blockshake/sanusapp" value="true" />
        <entry key="$USER_HOME$/Dev/blockshake/sanusapp-flutter" value="true" />
      </map>
    </option>
  </component>
  <component name="Trusted.Paths.Settings">
    <option name="TRUSTED_PATHS">
      <list>
        <option value="$USER_HOME$/Dev/blockshake" />
        <option value="$USER_HOME$/AndroidStudioProjects" />
      </list>
    </option>
  </component>
</application>