<application>
  <component name="UISettings">
    <option name="MARK_MODIFIED_TABS_WITH_ASTERISK" value="true" />
    <option name="MAX_LOOKUP_LIST_HEIGHT" value="15" />
    <option name="OPEN_IN_PREVIEW_TAB_IF_POSSIBLE" value="true" />
    <option name="SCROLL_TAB_LAYOUT_IN_EDITOR" value="false" />
    <option name="SHOW_PINNED_TABS_IN_A_SEPARATE_ROW" value="true" />
    <option name="showTreeIndentGuides" value="true" />
    <option name="UI_DENSITY" value="COMPACT" />
    <option name="WIDESCREEN_SUPPORT" value="true" />
  </component>
</application>