<application>
  <component name="VimEditorSettings">
    <editor />
  </component>
  <component name="VimKeySettings">
    <shortcut-conflicts>
      <shortcut-conflict owner="vim">
        <text encoding="base64">Y3RybCBwcmVzc2VkIFY=</text>
      </shortcut-conflict>
      <shortcut-conflict owner="vim">
        <text encoding="base64">c2hpZnQgcHJlc3NlZCBET1dO</text>
      </shortcut-conflict>
      <shortcut-conflict owner="vim">
        <text encoding="base64">Y3RybCBwcmVzc2VkIFJJR0hU</text>
      </shortcut-conflict>
      <shortcut-conflict owner="vim">
        <text encoding="base64">Y3RybCBwcmVzc2VkIFM=</text>
      </shortcut-conflict>
      <shortcut-conflict owner="ide">
        <text encoding="base64">Y3RybCBwcmVzc2VkIFI=</text>
      </shortcut-conflict>
      <shortcut-conflict owner="vim">
        <text encoding="base64">Y3RybCBwcmVzc2VkIE8=</text>
      </shortcut-conflict>
      <shortcut-conflict owner="vim">
        <text encoding="base64">Y3RybCBwcmVzc2VkIEM=</text>
      </shortcut-conflict>
      <shortcut-conflict owner="vim">
        <text encoding="base64">Y3RybCBwcmVzc2VkIEE=</text>
      </shortcut-conflict>
      <shortcut-conflict owner="vim">
        <text encoding="base64">c2hpZnQgcHJlc3NlZCBFTlRFUg==</text>
      </shortcut-conflict>
      <shortcut-conflict owner="vim">
        <text encoding="base64">c2hpZnQgcHJlc3NlZCBTUEFDRQ==</text>
      </shortcut-conflict>
      <shortcut-conflict owner="vim">
        <text encoding="base64">Y3RybCBwcmVzc2VkIDE=</text>
      </shortcut-conflict>
      <shortcut-conflict owner="vim">
        <text encoding="base64">c2hpZnQgcHJlc3NlZCBVUA==</text>
      </shortcut-conflict>
      <shortcut-conflict owner="vim">
        <text encoding="base64">Y3RybCBwcmVzc2VkIEY=</text>
      </shortcut-conflict>
      <shortcut-conflict owner="vim">
        <text encoding="base64">c2hpZnQgcHJlc3NlZCBMRUZU</text>
      </shortcut-conflict>
      <shortcut-conflict owner="vim">
        <text encoding="base64">c2hpZnQgcHJlc3NlZCBSSUdIVA==</text>
      </shortcut-conflict>
      <shortcut-conflict owner="vim">
        <text encoding="base64">Y3RybCBwcmVzc2VkIFA=</text>
      </shortcut-conflict>
      <shortcut-conflict owner="vim">
        <text encoding="base64">Y3RybCBwcmVzc2VkIE0=</text>
      </shortcut-conflict>
      <shortcut-conflict owner="vim">
        <text encoding="base64">Y3RybCBwcmVzc2VkIEk=</text>
      </shortcut-conflict>
      <shortcut-conflict owner="vim">
        <text encoding="base64">Y3RybCBwcmVzc2VkIFQ=</text>
      </shortcut-conflict>
      <shortcut-conflict owner="vim">
        <text encoding="base64">bWV0YSBwcmVzc2VkIFNFTUlDT0xPTg==</text>
      </shortcut-conflict>
      <shortcut-conflict owner="vim">
        <text encoding="base64">Y3RybCBwcmVzc2VkIFNFTUlDT0xPTg==</text>
      </shortcut-conflict>
      <shortcut-conflict owner="vim">
        <text encoding="base64">c2hpZnQgbWV0YSBwcmVzc2VkIFNFTUlDT0xPTg==</text>
      </shortcut-conflict>
      <shortcut-conflict owner="vim">
        <text encoding="base64">c2hpZnQgY3RybCBwcmVzc2VkIFNFTUlDT0xPTg==</text>
      </shortcut-conflict>
    </shortcut-conflicts>
  </component>
  <component name="VimSettings">
    <state version="7" enabled="true" />
    <notifications>
      <idea-join enabled="false" />
      <idea-put enabled="false" />
      <idea-undo enabled="true" />
      <was-automatically-subscribed-to-eap enabled="false" />
    </notifications>
  </component>
</application>