<application>
  <component name="DimensionService">
    <location key="WELCOME_SCREEN.0.0.3456.2234@192dpi" x="1728" y="600" />
    <location key="find.popup.0.0.3456.2234@192dpi" x="902" y="434" />
    <location key="find.popup.0.0.5120.2880@192dpi" x="1190" y="368" />
    <size key="GridCell.Tab.0.left.0.0.3456.2234@192dpi" width="890" height="1930" />
    <size key="GridCell.Tab.0.center.0.0.3456.2234@192dpi" width="890" height="1930" />
    <size key="GridCell.Tab.0.right.0.0.3456.2234@192dpi" width="890" height="1930" />
    <size key="GridCell.Tab.0.bottom.0.0.3456.2234@192dpi" width="890" height="1930" />
    <size key="find.popup.0.0.3456.2234@192dpi" width="1388" height="1620" />
    <size key="GridCell.Tab.0.left.0.0.4112.2658@192dpi" width="1184" height="2310" />
    <size key="GridCell.Tab.0.center.0.0.4112.2658@192dpi" width="1184" height="2310" />
    <size key="GridCell.Tab.0.right.0.0.4112.2658@192dpi" width="1184" height="2310" />
    <size key="GridCell.Tab.0.bottom.0.0.4112.2658@192dpi" width="1184" height="2310" />
    <size key="GridCell.Tab.0.left.0.0.5120.2880@192dpi" width="1296" height="2652" />
    <size key="GridCell.Tab.0.center.0.0.5120.2880@192dpi" width="1296" height="2652" />
    <size key="GridCell.Tab.0.right.0.0.5120.2880@192dpi" width="1296" height="2652" />
    <size key="GridCell.Tab.0.bottom.0.0.5120.2880@192dpi" width="1296" height="2652" />
    <size key="find.popup.0.0.5120.2880@192dpi" width="1912" height="2126" />
  </component>
  <component name="WindowManager">
    <frame x="12" y="37" width="2536" height="1391" />
  </component>
  <component name="WindowStateApplicationService">
    <state width="423" height="95" key="ShowUsagesActions.dimensionServiceKey" timestamp="1735600611385">
      <screen x="0" y="25" width="2560" height="1415" />
    </state>
    <state width="423" height="95" key="ShowUsagesActions.dimensionServiceKey/0.25.2560.1415" timestamp="1735600611385" />
    <state width="715" height="183" key="ShowUsagesActions.dimensionServiceKey/0.38.1728.1079" timestamp="1735042671627" />
    <state x="864" y="300" key="WELCOME_SCREEN" timestamp="1730386792129">
      <screen x="0" y="38" width="1728" height="994" />
    </state>
    <state x="864" y="300" key="WELCOME_SCREEN/0.38.1728.994" timestamp="1730386792129" />
    <state x="241" y="390" key="ide.config.custom.settings" timestamp="1730386803980">
      <screen x="0" y="38" width="1728" height="994" />
    </state>
    <state x="241" y="390" key="ide.config.custom.settings/0.38.1728.994" timestamp="1730386803980" />
  </component>
</application>